{
  "hash": "cdb163e7",
  "configHash": "764c56a6",
  "lockfileHash": "23921e90",
  "browserHash": "acb5e8fe",
  "optimized": {
    "@angular/common": {
      "src": "../../../../../../node_modules/@angular/common/fesm2022/common.mjs",
      "file": "@angular_common.js",
      "fileHash": "1b4c1995",
      "needsInterop": false
    },
    "@angular/common/http": {
      "src": "../../../../../../node_modules/@angular/common/fesm2022/http.mjs",
      "file": "@angular_common_http.js",
      "fileHash": "caef36e2",
      "needsInterop": false
    },
    "@angular/core": {
      "src": "../../../../../../node_modules/@angular/core/fesm2022/core.mjs",
      "file": "@angular_core.js",
      "fileHash": "2b86c529",
      "needsInterop": false
    },
    "@angular/forms": {
      "src": "../../../../../../node_modules/@angular/forms/fesm2022/forms.mjs",
      "file": "@angular_forms.js",
      "fileHash": "8eb0e95f",
      "needsInterop": false
    },
    "@angular/platform-browser": {
      "src": "../../../../../../node_modules/@angular/platform-browser/fesm2022/platform-browser.mjs",
      "file": "@angular_platform-browser.js",
      "fileHash": "af5c9daa",
      "needsInterop": false
    },
    "@angular/router": {
      "src": "../../../../../../node_modules/@angular/router/fesm2022/router.mjs",
      "file": "@angular_router.js",
      "fileHash": "3442e80b",
      "needsInterop": false
    },
    "@google/genai": {
      "src": "../../../../../../node_modules/@google/genai/dist/web/index.mjs",
      "file": "@google_genai.js",
      "fileHash": "988e755b",
      "needsInterop": false
    },
    "rxjs": {
      "src": "../../../../../../node_modules/rxjs/dist/esm5/index.js",
      "file": "rxjs.js",
      "fileHash": "6c26744c",
      "needsInterop": false
    }
  },
  "chunks": {
    "chunk-ARKJ3PAC": {
      "file": "chunk-ARKJ3PAC.js"
    },
    "chunk-53EX5CCI": {
      "file": "chunk-53EX5CCI.js"
    },
    "chunk-OYKRLH7D": {
      "file": "chunk-OYKRLH7D.js"
    },
    "chunk-VEKSDJCS": {
      "file": "chunk-VEKSDJCS.js"
    },
    "chunk-MRU2T2FA": {
      "file": "chunk-MRU2T2FA.js"
    },
    "chunk-RSS3ODKE": {
      "file": "chunk-RSS3ODKE.js"
    },
    "chunk-GOMI4DH3": {
      "file": "chunk-GOMI4DH3.js"
    }
  }
}