{
  "hash": "18102e00",
  "configHash": "63438fd0",
  "lockfileHash": "b3a7c617",
  "browserHash": "93023f29",
  "optimized": {
    "@angular/common": {
      "src": "../../../../../../node_modules/@angular/common/fesm2022/common.mjs",
      "file": "@angular_common.js",
      "fileHash": "f209667a",
      "needsInterop": false
    },
    "@angular/common/http": {
      "src": "../../../../../../node_modules/@angular/common/fesm2022/http.mjs",
      "file": "@angular_common_http.js",
      "fileHash": "07a751a0",
      "needsInterop": false
    },
    "@angular/core": {
      "src": "../../../../../../node_modules/@angular/core/fesm2022/core.mjs",
      "file": "@angular_core.js",
      "fileHash": "a8b0fba4",
      "needsInterop": false
    },
    "@angular/forms": {
      "src": "../../../../../../node_modules/@angular/forms/fesm2022/forms.mjs",
      "file": "@angular_forms.js",
      "fileHash": "467d2916",
      "needsInterop": false
    },
    "@angular/platform-browser": {
      "src": "../../../../../../node_modules/@angular/platform-browser/fesm2022/platform-browser.mjs",
      "file": "@angular_platform-browser.js",
      "fileHash": "2da5ee64",
      "needsInterop": false
    },
    "@angular/router": {
      "src": "../../../../../../node_modules/@angular/router/fesm2022/router.mjs",
      "file": "@angular_router.js",
      "fileHash": "cd91a346",
      "needsInterop": false
    },
    "@google/genai": {
      "src": "../../../../../../node_modules/@google/genai/dist/web/index.mjs",
      "file": "@google_genai.js",
      "fileHash": "328c485b",
      "needsInterop": false
    },
    "rxjs": {
      "src": "../../../../../../node_modules/rxjs/dist/esm5/index.js",
      "file": "rxjs.js",
      "fileHash": "a3911cf1",
      "needsInterop": false
    },
    "rxjs/operators": {
      "src": "../../../../../../node_modules/rxjs/dist/esm5/operators/index.js",
      "file": "rxjs_operators.js",
      "fileHash": "5efd424a",
      "needsInterop": false
    }
  },
  "chunks": {
    "chunk-4W23ECXB": {
      "file": "chunk-4W23ECXB.js"
    },
    "chunk-IMMUEP65": {
      "file": "chunk-IMMUEP65.js"
    },
    "chunk-IL3TI3WI": {
      "file": "chunk-IL3TI3WI.js"
    },
    "chunk-O4TH46MB": {
      "file": "chunk-O4TH46MB.js"
    },
    "chunk-QMDAV2NN": {
      "file": "chunk-QMDAV2NN.js"
    },
    "chunk-JRFR6BLO": {
      "file": "chunk-JRFR6BLO.js"
    },
    "chunk-HWYXSU2G": {
      "file": "chunk-HWYXSU2G.js"
    },
    "chunk-MARUHEWW": {
      "file": "chunk-MARUHEWW.js"
    },
    "chunk-GOMI4DH3": {
      "file": "chunk-GOMI4DH3.js"
    }
  }
}